{"sprites":[{"type":"Mario","x":179,"y":500,"w":60,"h":95,"vert_vel":0.0},{"type":"CoinBlock","x":306,"y":263,"w":89,"h":83},{"type":"Brick","x":676,"y":536,"w":69,"h":54},{"type":"Brick","x":938,"y":535,"w":86,"h":48},{"type":"CoinBlock","x":1049,"y":194,"w":89,"h":83},{"type":"Brick","x":1402,"y":537,"w":87,"h":55},{"type":"Brick","x":1591,"y":528,"w":684,"h":33},{"type":"CoinBlock","x":1576,"y":171,"w":89,"h":83},{"type":"Brick","x":1886,"y":477,"w":64,"h":47},{"type":"CoinBlock","x":2206,"y":175,"w":89,"h":83},{"type":"Brick","x":2901,"y":89,"w":173,"h":509},{"type":"Brick","x":2507,"y":131,"w":17,"h":24},{"type":"Brick","x":2582,"y":134,"w":19,"h":22},{"type":"Brick","x":2465,"y":167,"w":13,"h":13},{"type":"Brick","x":2491,"y":189,"w":19,"h":16},{"type":"Brick","x":2523,"y":206,"w":30,"h":13},{"type":"Brick","x":2576,"y":209,"w":27,"h":6},{"type":"Brick","x":2613,"y":194,"w":20,"h":18},{"type":"Brick","x":2631,"y":155,"w":16,"h":22}]}